<?xml version="1.0" encoding="UTF-8"?>
<project-private xmlns="http://www.netbeans.org/ns/project-private/1">
    <editor-bookmarks xmlns="http://www.netbeans.org/ns/editor-bookmarks/2" lastBookmarkId="0"/>
    <open-files xmlns="http://www.netbeans.org/ns/projectui-open-files/2">
        <group>
            <file>file:/C:/Users/58414/Documents/GitHub/EDD-Proyecto2/Proyecto2/proyecto2/src/EDD/HashTable.java</file>
            <file>file:/C:/Users/58414/Documents/GitHub/EDD-Proyecto2/Proyecto2/proyecto2/src/Functions/Functions.java</file>
        </group>
    </open-files>
</project-private>
